title,link
Coldplay - JUPiTER (Official Lyric Visualiser),https://www.youtube.com/watch?v=07Pmjxhuo4k
Thoughts about the new Jupiter 110? #jupiter110,https://www.youtube.com/watch?v=MHj0dksesho
You can see Jupiter! ü™ê,https://www.youtube.com/watch?v=FZJ5w3xHrAc
The Largest Planet In The Universe,https://www.youtube.com/watch?v=zmWcR-Mj2QQ
Jupiters Giant Red Spot is Acting Strange!,https://www.youtube.com/watch?v=TDq3-wmihw4
younger life in Jupiter #shorts #funny  #animation,https://www.youtube.com/watch?v=CFQfKhVweBI
Jupiter VS Saturn #shorts #space,https://www.youtube.com/watch?v=tvGgt-a445g
What is YOUR first impression of the new TVS Jupiter? ‚Ä¢ #TVSJupiter #TVS #Jupiter,https://www.youtube.com/watch?v=czrgVVRPzJY
What If You Fell into Jupiter? #Shorts,https://www.youtube.com/watch?v=4lQAD07KRAg
Hello Jupiter #astrophotography #space #telescope #jupiter,https://www.youtube.com/watch?v=3vzagdNuOCo
